-- phpMyAdmin SQL Dump
-- version 5.1.3
-- https://www.phpmyadmin.net/
--
-- Host: 127.0.0.1
-- Generation Time: Jun 27, 2022 at 07:49 AM
-- Server version: 10.4.24-MariaDB
-- PHP Version: 8.1.5

SET SQL_MODE = "NO_AUTO_VALUE_ON_ZERO";
START TRANSACTION;
SET time_zone = "+00:00";

--
-- Database: `blog_db`
--

-- --------------------------------------------------------

--
-- Table structure for table `categories`
--

CREATE TABLE `categories` (
  `id` int(30) UNSIGNED NOT NULL,
  `name` varchar(250) NOT NULL,
  `description` text NOT NULL,
  `created_at` datetime DEFAULT current_timestamp(),
  `updated_at` datetime DEFAULT current_timestamp() ON UPDATE current_timestamp()
) ENGINE=InnoDB DEFAULT CHARSET=utf8;

--
-- Dumping data for table `categories`
--

INSERT INTO `categories` (`id`, `name`, `description`, `created_at`, `updated_at`) VALUES
(1, 'PHP', 'Aut qui ipsa qui mollitia rem cupiditate.', '2022-06-27 09:25:42', '2022-06-27 09:25:42'),
(2, 'Javascript', 'Earum eligendi laborum temporibus ut qui sit molestiae suscipit.', '2022-06-27 09:25:42', '2022-06-27 09:25:42'),
(3, 'Python', 'Dolore sapiente aliquam possimus officiis atque quia sit fugit.', '2022-06-27 09:25:42', '2022-06-27 09:25:42'),
(4, 'CodeIgniter', 'Sint qui esse ut.', '2022-06-27 09:25:42', '2022-06-27 09:25:42'),
(5, 'Laravel', 'Natus tempore aliquid quibusdam et.', '2022-06-27 09:25:42', '2022-06-27 09:25:42');

-- --------------------------------------------------------

--
-- Table structure for table `migrations`
--

CREATE TABLE `migrations` (
  `id` bigint(20) UNSIGNED NOT NULL,
  `version` varchar(255) NOT NULL,
  `class` varchar(255) NOT NULL,
  `group` varchar(255) NOT NULL,
  `namespace` varchar(255) NOT NULL,
  `time` int(11) NOT NULL,
  `batch` int(11) UNSIGNED NOT NULL
) ENGINE=InnoDB DEFAULT CHARSET=utf8;

--
-- Dumping data for table `migrations`
--

INSERT INTO `migrations` (`id`, `version`, `class`, `group`, `namespace`, `time`, `batch`) VALUES
(1, '2022-06-18-005419', 'App\\Database\\Migrations\\Authentication', 'default', 'App', 1656293096, 1),
(2, '2022-06-27-005500', 'App\\Database\\Migrations\\Department', 'default', 'App', 1656293096, 1),
(3, '2022-06-27-010105', 'App\\Database\\Migrations\\Posts', 'default', 'App', 1656293096, 1);

-- --------------------------------------------------------

--
-- Table structure for table `posts`
--

CREATE TABLE `posts` (
  `id` int(30) UNSIGNED NOT NULL,
  `category_id` int(30) UNSIGNED NOT NULL,
  `user_id` int(30) UNSIGNED NOT NULL,
  `title` text NOT NULL,
  `short_description` text NOT NULL,
  `content` text NOT NULL,
  `banner` text NOT NULL,
  `tags` text NOT NULL,
  `status` tinyint(4) NOT NULL DEFAULT 0,
  `created_at` datetime DEFAULT current_timestamp(),
  `updated_at` datetime DEFAULT current_timestamp() ON UPDATE current_timestamp()
) ENGINE=InnoDB DEFAULT CHARSET=utf8;

--
-- Dumping data for table `posts`
--

INSERT INTO `posts` (`id`, `category_id`, `user_id`, `title`, `short_description`, `content`, `banner`, `tags`, `status`, `created_at`, `updated_at`) VALUES
(1, 1, 1, 'nesciunt et occaecati aut', 'Pariatur debitis cumque quidem.', 'Aliquid quia voluptas provident iusto aperiam iste. A fugiat illum architecto qui. Explicabo dolores ut vero quis.\\\\r\\\\n\\\\r\\\\nDolore et molestiae quibusdam voluptas. Eum architecto voluptas deserunt voluptatem. Quae accusamus tenetur maxime aspernatur.\\\\r\\\\n\\\\r\\\\nQuae porro ipsam dolorem velit. Commodi quo corrupti excepturi ut praesentium.', 'http://localhost/ci4_blog/public/uploads/1_2.jpg', 'temporibus,consequuntur,nihil,exercitationem', 1, '2022-06-27 09:28:36', '2022-06-27 10:59:19'),
(2, 4, 1, 'veritatis placeat voluptas temporibus', 'Et et consequatur ab nemo itaque.', 'Aut eos dolores unde velit sed. Omnis ratione quod architecto hic odit dolores. Quasi ut qui eum error minus minus. Quia dolores hic adipisci sit harum laboriosam maiores ea.\n\nAt commodi quo ut mollitia quia odio esse. Accusamus temporibus repellendus atque ullam amet. Molestias repellat quasi non nihil atque.\n\nLaborum vero ipsum quis et harum id. Et fugit et in fugit. Quia repellendus molestiae autem. Earum voluptates quae velit molestiae laboriosam aliquam.', 'https://via.placeholder.com/640x480.png/00ff11?text=ut', 'et,voluptas,quo,dolore', 1, '2022-06-27 09:28:36', '2022-06-27 09:28:36'),
(3, 4, 1, 'assumenda consectetur odit ut', 'Quia reprehenderit veritatis suscipit ipsam ut.', 'Et aut dignissimos minus impedit earum consequatur. Quibusdam quisquam maiores nobis. Magni exercitationem amet aut tempora officiis.\n\nDolores accusamus aut non non consectetur voluptatem non. Ut ea nostrum ducimus est. Tenetur reprehenderit eveniet rerum praesentium tenetur eveniet voluptas. Ut tempora unde magni delectus. Dicta hic ut ea et inventore odio quo.\n\nDolore ut reiciendis harum harum in aliquam saepe. Id labore doloribus tenetur nam rerum. Provident veniam officiis quos hic. Quia fugiat perspiciatis aut. Rem quis labore voluptatibus cupiditate.', 'https://via.placeholder.com/640x480.png/007799?text=perferendis', 'incidunt,minima,iste,laudantium', 1, '2022-06-27 09:28:36', '2022-06-27 09:28:36'),
(4, 1, 1, 'veritatis maiores molestias voluptas', 'Quidem ea sed nobis velit aut.', 'Quo mollitia consectetur consequuntur sunt. Voluptatem ipsam pariatur quasi. Et libero eos et ea iste cupiditate et. Quis maxime aut qui sed est.\n\nAut quo occaecati tempora reiciendis dolor. Temporibus ipsa amet voluptatem. Consequatur labore saepe voluptatem dicta deserunt debitis. Dolorem sit vitae natus suscipit.\n\nIn mollitia ut quis porro rerum. Ullam deleniti aperiam iste repellendus distinctio. Voluptatem ut nisi aut ex beatae ut sint.', 'https://via.placeholder.com/640x480.png/0055ff?text=nihil', 'et,ratione,cum,eligendi', 1, '2022-06-27 09:28:36', '2022-06-27 09:28:36'),
(5, 5, 1, 'perspiciatis recusandae odit et', 'Iusto natus quo mollitia veritatis sit nobis.', 'Nisi suscipit veniam ut. Totam sit non suscipit ad vel hic. Dicta aut laudantium aut quia. Culpa quis dicta repellendus facilis. Quaerat mollitia omnis eum explicabo distinctio.\n\nIn neque magni ut est. Vel et ut sit ullam suscipit iure. Et rem inventore laboriosam perferendis autem. Optio libero quia quisquam sapiente omnis. Aliquid aut expedita nihil ex cum.\n\nNumquam distinctio sint corporis quasi aliquam est. Minima veniam quia nihil voluptatum magni facilis. Aut eum quo autem. Et voluptatem est incidunt numquam qui.', 'https://via.placeholder.com/640x480.png/0000aa?text=voluptas', 'sed,aspernatur,tempore,occaecati', 1, '2022-06-27 09:28:36', '2022-06-27 09:28:36'),
(6, 3, 1, 'voluptas deserunt et sunt', 'Nobis minus vero architecto deleniti qui totam debitis.', 'Ex occaecati tempora cupiditate a illo dolorem ipsum. Modi nihil veritatis natus distinctio itaque nisi harum. Laudantium ea nobis rerum atque. Aperiam odio placeat repellat quis beatae.\n\nCumque qui et voluptatem est quidem. Nobis molestiae quis qui veritatis et consectetur. Pariatur odit aut et rerum doloremque. Quis dolore sit temporibus consequatur rem quia quia laudantium.\n\nRerum nobis itaque accusamus vero qui et libero. Et sint odio quisquam dolores aliquam quo sed molestiae. Dolor a nihil qui enim repellat.', 'https://via.placeholder.com/640x480.png/00ffdd?text=voluptates', 'ab,corporis,voluptatem,nemo', 1, '2022-06-27 09:28:36', '2022-06-27 09:28:36'),
(7, 2, 1, 'dicta corporis ea veritatis', 'Quo autem facilis corrupti.', 'Et quia qui omnis autem ut cupiditate totam. Consectetur tenetur quo quo sit dolorem. Inventore est libero dolores repellat sunt ipsum.\n\nQuia et laudantium commodi perspiciatis. Eos reiciendis explicabo molestiae ipsam corporis. Amet cumque rem totam facere dolores. Minus illo et odio minima officia.\n\nId rerum saepe fugit optio. Perferendis qui repellat omnis ratione quam culpa dolorum. Dolorem amet itaque aut ut perferendis quas.', 'https://via.placeholder.com/640x480.png/00ffbb?text=sit', 'aut,ipsam,et,aperiam', 1, '2022-06-27 09:28:36', '2022-06-27 09:28:36'),
(8, 5, 1, 'dignissimos a impedit sunt', 'Reprehenderit sit id suscipit nam amet doloremque esse.', 'Rerum cum sequi quis expedita asperiores. Rerum nobis perferendis laboriosam ipsum veritatis aut. Culpa consequatur eaque aperiam ipsum sequi harum necessitatibus. Aut quo explicabo rerum enim.\n\nDucimus voluptates distinctio dignissimos eum ratione. Quidem enim labore inventore amet aliquam. Velit est et saepe non ipsum. Expedita qui autem quod et quo cum dolores.\n\nInventore iure aperiam et magni. Sit voluptas ut similique consequatur cumque. Eligendi aut voluptatibus labore aperiam maiores.', 'https://via.placeholder.com/640x480.png/002255?text=minus', 'quibusdam,qui,eius,ipsa', 1, '2022-06-27 09:28:36', '2022-06-27 09:28:36'),
(9, 1, 1, 'tenetur in et consectetur', 'Sit voluptatum nisi dolore.', 'Ea tempore quia et nostrum. Qui quaerat praesentium odit et et. Aut dicta illum ut aut aut minus.\n\nQuis corrupti quo ducimus blanditiis quia ut soluta. Delectus maxime facere harum. Quis impedit sequi aut nostrum aperiam dolore.\n\nQuia velit dolor corrupti itaque inventore. Veniam in cumque animi vero. Facilis et fugit et molestiae molestiae a nostrum. Eum id facere numquam repellendus ipsam qui.', 'https://via.placeholder.com/640x480.png/009988?text=cupiditate', 'id,veritatis,doloribus,perspiciatis', 1, '2022-06-27 09:28:36', '2022-06-27 09:28:36'),
(10, 4, 1, 'optio assumenda ea fugit', 'Dignissimos ad assumenda soluta vel doloremque.', 'Occaecati voluptatem a et ad est. Velit expedita adipisci eveniet quia. Incidunt harum est aut sit dolores qui voluptatem. Deleniti quo qui dolorem quia quis delectus.\n\nPerspiciatis perferendis fuga velit iste dicta repellendus expedita nihil. Itaque tempore assumenda velit eos quibusdam velit. Aut ut qui eum consequatur voluptatem sunt.\n\nDolorem nesciunt enim aut dolor voluptas. Sed perferendis autem velit voluptas. Laudantium nemo reiciendis quia nostrum eligendi. Voluptates hic quia rerum voluptas sit rem deserunt.', 'https://via.placeholder.com/640x480.png/009900?text=nihil', 'exercitationem,cum,neque,minima', 1, '2022-06-27 09:28:36', '2022-06-27 09:28:36'),
(11, 4, 1, 'accusantium voluptatibus non ipsum', 'Dolor earum quia quia cum molestias sunt.', 'Qui aperiam cupiditate magnam quisquam illo eos voluptatem. Eos amet sint quo beatae facilis. Rerum ut aspernatur mollitia ut. Animi et atque dolorum dicta. Vel in dicta aliquam quasi modi ut.\n\nFacere illum laboriosam ex animi sit. Velit qui doloremque ut aut nemo. Sit repudiandae corrupti ratione. Velit et mollitia voluptates qui repellat eius quam consectetur.\n\nBlanditiis sapiente eos et sed et. Molestiae id ad aliquid. Rerum et dolor et consequuntur id. Impedit exercitationem aspernatur dolor impedit fuga doloribus pariatur.', 'https://via.placeholder.com/640x480.png/00aa00?text=dolor', 'cum,repellendus,aliquam,aperiam', 1, '2022-06-27 09:28:36', '2022-06-27 09:28:36'),
(12, 3, 1, 'nemo maiores dolorem ducimus', 'Repudiandae omnis rerum saepe eos eos.', 'Nemo delectus quas quia id. Sapiente sed delectus dignissimos atque. Ducimus voluptatem explicabo possimus consequatur est delectus.\n\nAnimi beatae fugiat optio rerum placeat consequatur inventore. Non reprehenderit in in qui commodi at. Aliquid et est similique.\n\nNatus quidem aut dicta explicabo consequuntur est ipsa. Perferendis quod nesciunt sit culpa quibusdam.', 'https://via.placeholder.com/640x480.png/005588?text=similique', 'culpa,sapiente,fuga,dolores', 1, '2022-06-27 09:28:36', '2022-06-27 09:28:36'),
(13, 4, 1, 'inventore placeat qui sed', 'Quae perspiciatis voluptas sint aut.', 'Fugiat praesentium velit voluptatem debitis voluptatibus ea sapiente. Ea et laudantium dolore eum harum voluptatum magni. Minus sapiente quo ex aut vel qui veniam. Quis molestias corrupti sint minus et ut sint in.\n\nQui eum voluptatem possimus et non sint molestias minus. Facilis iste maiores dolores. Minus non et necessitatibus quia sunt qui. Id nobis officia in quisquam.\n\nMolestiae sint voluptates qui magni quis est similique quo. Aut et provident quia minima ratione sunt. Sint unde mollitia soluta aliquid ea. Culpa adipisci perferendis maxime eos necessitatibus eum.', 'https://via.placeholder.com/640x480.png/00bb33?text=labore', 'in,ut,quo,et', 1, '2022-06-27 09:28:36', '2022-06-27 09:28:36'),
(14, 3, 1, 'magni explicabo debitis laudantium', 'Vel et qui voluptatem.', 'Nulla qui voluptatem omnis illo aut. Dolores omnis sapiente eos. Consequatur labore officiis a id dolores.\n\nVitae culpa possimus nam sunt neque vitae. Quasi doloribus incidunt rerum odit qui fuga. Illum et doloribus autem sed qui tempora assumenda tenetur. Qui id veritatis libero veritatis autem iure.\n\nDolorum ipsam esse sunt nihil recusandae beatae dolorum aut. Eveniet ut quae sit suscipit omnis. Est delectus optio aut velit nemo. Enim eaque qui explicabo error molestiae nisi veritatis laudantium.', 'https://via.placeholder.com/640x480.png/00ddee?text=quia', 'quia,corporis,quisquam,vero', 1, '2022-06-27 09:28:36', '2022-06-27 09:28:36'),
(15, 2, 1, 'eos voluptates aliquam impedit', 'Sed non ex labore similique est est maiores consequuntur.', 'Est esse magni tempora sed voluptates laborum error. Aliquid porro repellendus ut non expedita. Voluptatem voluptas perferendis vero. Autem fugit aliquid cupiditate error.\n\nPerferendis perferendis adipisci quia sit sed est. Est quia temporibus ipsam aut saepe voluptatem ullam. Doloremque ut laudantium quis quia beatae magnam ad. Beatae beatae rerum non perspiciatis eum magnam.\n\nAssumenda iusto consequatur vel aut. Est quae tenetur dolor temporibus id possimus consequatur. Et consequatur rerum sint et impedit.', 'https://via.placeholder.com/640x480.png/00ffff?text=porro', 'dignissimos,iusto,molestias,quia', 1, '2022-06-27 09:28:36', '2022-06-27 09:28:36'),
(16, 2, 1, 'earum omnis et commodi', 'Porro nihil sed iste doloribus voluptatem fugit a.', 'Iusto eos voluptatum dolor nostrum qui et inventore. Consequatur in aut nisi molestiae. Ipsum aut est ut nihil est ab. Assumenda nobis qui odio expedita ratione.\n\nOdit velit incidunt et eveniet harum ipsam. Corrupti laborum temporibus totam. Atque libero inventore fuga amet iusto sit nostrum hic.\n\nIste omnis enim harum et itaque asperiores. Optio sint voluptas non nam magni. Eos dolorum dignissimos aliquid esse labore.', 'https://via.placeholder.com/640x480.png/009966?text=temporibus', 'id,et,officia,unde', 1, '2022-06-27 09:28:36', '2022-06-27 09:28:36'),
(17, 5, 1, 'rerum omnis ducimus natus', 'Impedit et in pariatur cupiditate nostrum.', 'Aut nisi ab nam. Impedit et libero et voluptates quis consectetur.\n\nLabore cumque voluptatem sint quam et minima odio. Vel explicabo ex laborum alias non. Officiis labore dolorem magnam consequatur voluptas.\n\nEnim nostrum alias laudantium qui perferendis veritatis aut. Nam asperiores eum corrupti rem et dolor recusandae. Laudantium blanditiis molestiae beatae nulla.', 'https://via.placeholder.com/640x480.png/0055aa?text=vitae', 'magni,voluptatem,temporibus,ea', 1, '2022-06-27 09:28:36', '2022-06-27 09:28:36'),
(18, 3, 1, 'nihil accusamus et enim', 'Sit tenetur iusto cum occaecati quidem.', 'Earum quia aut natus. Velit consequatur dignissimos sit esse. Impedit et nisi et maiores odio. Enim est enim facere.\n\nConsequatur sunt deleniti omnis est esse vero. Sint dolor ut natus consequuntur veritatis quo. Modi iste eius natus esse aut totam.\n\nAlias ipsa nulla rerum rem voluptatibus. Assumenda sit delectus nostrum sunt velit. Sunt eum aliquam doloremque qui est aut voluptas.', 'https://via.placeholder.com/640x480.png/003322?text=ut', 'natus,sit,voluptas,consectetur', 1, '2022-06-27 09:28:37', '2022-06-27 09:28:37'),
(19, 5, 1, 'dolorem voluptatem mollitia nemo', 'Nisi exercitationem qui et molestiae placeat.', 'Ducimus rerum pariatur distinctio velit dolores soluta sed. Nemo debitis consequatur similique ipsum nobis. A sapiente voluptatem rerum maiores.\n\nEt numquam maiores dignissimos. Maiores veritatis porro dolore id quis possimus dolores eos. Velit omnis aut illo nesciunt in consectetur.\n\nTenetur sed occaecati vel debitis ipsa sequi libero. Reprehenderit ipsam et praesentium ipsam dignissimos consectetur. Autem molestias iure rerum voluptatum eos.', 'https://via.placeholder.com/640x480.png/00ee00?text=vel', 'blanditiis,doloremque,vitae,qui', 1, '2022-06-27 09:28:37', '2022-06-27 09:28:37'),
(20, 5, 1, 'mollitia sequi voluptate atque', 'Vel est et nisi.', 'Ipsam dolorem voluptatem consectetur sint in. Quod minus ut mollitia odio deserunt porro nobis qui. Aut ipsum temporibus doloribus unde in aut.\n\nVoluptas earum ab eius aut quae. In quam autem molestias fugiat id unde. Quaerat sed quo soluta accusamus numquam molestias dolorem.\n\nVeniam sapiente reiciendis rem maiores. Vero culpa enim nam culpa. Rerum autem at qui sit officiis.', 'https://via.placeholder.com/640x480.png/00ffaa?text=nesciunt', 'odit,aut,voluptates,rerum', 1, '2022-06-27 09:28:37', '2022-06-27 09:28:37'),
(22, 4, 1, 'CodeIgniter Framework', 'CodeIgniter is an Application Development Framework - a toolkit - for people who build websites using PHP. Its goal is to enable you to develop projects much faster than you could if you were writing code from scratch, by providing a rich set of libraries for commonly needed tasks, as well as a simple interface and logical structure to access these libraries.', '&lt;p style=\\\\\\\\\\\\\\\\\\\\\\\\\\\\\\\\\\\\\\\\\\\\\\\\\\\\\\\\\\\\\\&quot;\\\\\\\\\\\\\\\\\\\\\\\\\\\\\\\\\\\\\\\\\\\\\\\\\\\\\\\\\\\\\\\\&amp;quot;line-height:\\\\\\\\\\\\\\\\\\\\\\\\\\\\\\\\\\\\\\\\\\\\\\\\\\\\\\\\\\\\\\&quot; 24px;=\\\\\\\\\\\\\\\\\\\\\\\\\\\\\\\\\\\\\\\\\\\\\\\\\\\\\\\\\\\\\\&quot;\\\\\\\\\\\\\\\\\\\\\\\\\\\\\\\\\\\\\\\\\\\\\\\\\\\\\\\\\\\\\\&quot; margin-right:=\\\\\\\\\\\\\\\\\\\\\\\\\\\\\\\\\\\\\\\\\\\\\\\\\\\\\\\\\\\\\\&quot;\\\\\\\\\\\\\\\\\\\\\\\\\\\\\\\\\\\\\\\\\\\\\\\\\\\\\\\\\\\\\\&quot; 0px;=\\\\\\\\\\\\\\\\\\\\\\\\\\\\\\\\\\\\\\\\\\\\\\\\\\\\\\\\\\\\\\&quot;\\\\\\\\\\\\\\\\\\\\\\\\\\\\\\\\\\\\\\\\\\\\\\\\\\\\\\\\\\\\\\&quot; margin-bottom:=\\\\\\\\\\\\\\\\\\\\\\\\\\\\\\\\\\\\\\\\\\\\\\\\\\\\\\\\\\\\\\&quot;\\\\\\\\\\\\\\\\\\\\\\\\\\\\\\\\\\\\\\\\\\\\\\\\\\\\\\\\\\\\\\&quot; margin-left:=\\\\\\\\\\\\\\\\\\\\\\\\\\\\\\\\\\\\\\\\\\\\\\\\\\\\\\\\\\\\\\&quot;\\\\\\\\\\\\\\\\\\\\\\\\\\\\\\\\\\\\\\\\\\\\\\\\\\\\\\\\\\\\\\&quot; font-family:=\\\\\\\\\\\\\\\\\\\\\\\\\\\\\\\\\\\\\\\\\\\\\\\\\\\\\\\\\\\\\\&quot;\\\\\\\\\\\\\\\\\\\\\\\\\\\\\\\\\\\\\\\\\\\\\\\\\\\\\\\\\\\\\\&quot; raleway,=\\\\\\\\\\\\\\\\\\\\\\\\\\\\\\\\\\\\\\\\\\\\\\\\\\\\\\\\\\\\\\&quot;\\\\\\\\\\\\\\\\\\\\\\\\\\\\\\\\\\\\\\\\\\\\\\\\\\\\\\\\\\\\\\&quot; helvetica,=\\\\\\\\\\\\\\\\\\\\\\\\\\\\\\\\\\\\\\\\\\\\\\\\\\\\\\\\\\\\\\&quot;\\\\\\\\\\\\\\\\\\\\\\\\\\\\\\\\\\\\\\\\\\\\\\\\\\\\\\\\\\\\\\&quot; arial,=\\\\\\\\\\\\\\\\\\\\\\\\\\\\\\\\\\\\\\\\\\\\\\\\\\\\\\\\\\\\\\&quot;\\\\\\\\\\\\\\\\\\\\\\\\\\\\\\\\\\\\\\\\\\\\\\\\\\\\\\\\\\\\\\&quot; sans-serif;=\\\\\\\\\\\\\\\\\\\\\\\\\\\\\\\\\\\\\\\\\\\\\\\\\\\\\\\\\\\\\\&quot;\\\\\\\\\\\\\\\\\\\\\\\\\\\\\\\\\\\\\\\\\\\\\\\\\\\\\\\\\\\\\\&quot; color:=\\\\\\\\\\\\\\\\\\\\\\\\\\\\\\\\\\\\\\\\\\\\\\\\\\\\\\\\\\\\\\&quot;\\\\\\\\\\\\\\\\\\\\\\\\\\\\\\\\\\\\\\\\\\\\\\\\\\\\\\\\\\\\\\&quot; rgb(64,=\\\\\\\\\\\\\\\\\\\\\\\\\\\\\\\\\\\\\\\\\\\\\\\\\\\\\\\\\\\\\\&quot;\\\\\\\\\\\\\\\\\\\\\\\\\\\\\\\\\\\\\\\\\\\\\\\\\\\\\\\\\\\\\\&quot; 64,=\\\\\\\\\\\\\\\\\\\\\\\\\\\\\\\\\\\\\\\\\\\\\\\\\\\\\\\\\\\\\\&quot;\\\\\\\\\\\\\\\\\\\\\\\\\\\\\\\\\\\\\\\\\\\\\\\\\\\\\\\\\\\\\\&quot; 64);=\\\\\\\\\\\\\\\\\\\\\\\\\\\\\\\\\\\\\\\\\\\\\\\\\\\\\\\\\\\\\\&quot;\\\\\\\\\\\\\\\\\\\\\\\\\\\\\\\\\\\\\\\\\\\\\\\\\\\\\\\\\\\\\\&quot; background-color:=\\\\\\\\\\\\\\\\\\\\\\\\\\\\\\\\\\\\\\\\\\\\\\\\\\\\\\\\\\\\\\&quot;\\\\\\\\\\\\\\\\\\\\\\\\\\\\\\\\\\\\\\\\\\\\\\\\\\\\\\\\\\\\\\&quot; rgb(252,=\\\\\\\\\\\\\\\\\\\\\\\\\\\\\\\\\\\\\\\\\\\\\\\\\\\\\\\\\\\\\\&quot;\\\\\\\\\\\\\\\\\\\\\\\\\\\\\\\\\\\\\\\\\\\\\\\\\\\\\\\\\\\\\\&quot; 252,=\\\\\\\\\\\\\\\\\\\\\\\\\\\\\\\\\\\\\\\\\\\\\\\\\\\\\\\\\\\\\\&quot;\\\\\\\\\\\\\\\\\\\\\\\\\\\\\\\\\\\\\\\\\\\\\\\\\\\\\\\\\\\\\\&quot; 252);\\\\\\\\\\\\\\\\\\\\\\\\\\\\\\\\\\\\\\\\\\\\\\\\\\\\\\\\\\\\\\\\\\\\\\\\\\\\\\\\\\\\\\\\\\\\\\\\\\\\\\\\\\\\\\\\\\\\\\\\\\\\\\&quot;=\\\\\\\\\\\\\\\\\\\\\\\\\\\\\\\\\\\\\\\\\\\\\\\\\\\\\\\\\\\\\\&quot;\\\\\\\\\\\\\\\\\\\\\\\\\\\\\\\\\\\\\\\\\\\\\\\\\\\\\\\\\\\\\\&quot;&gt;CodeIgniter is an Application Development Framework - a toolkit - for people who build websites using PHP. Its goal is to enable you to develop projects much faster than you could if you were writing code from scratch, by providing a rich set of libraries for commonly needed tasks, as well as a simple interface and logical structure to access these libraries. CodeIgniter lets you creatively focus on your project by minimizing the amount of code needed for a given task.&lt;/p&gt;&lt;p style=\\\\\\\\\\\\\\\\\\\\\\\\\\\\\\\\\\\\\\\\\\\\\\\\\\\\\\\\\\\\\\&quot;\\\\\\\\\\\\\\\\\\\\\\\\\\\\\\\\\\\\\\\\\\\\\\\\\\\\\\\\\\\\\\\\&amp;quot;line-height:\\\\\\\\\\\\\\\\\\\\\\\\\\\\\\\\\\\\\\\\\\\\\\\\\\\\\\\\\\\\\\&quot; 24px;=\\\\\\\\\\\\\\\\\\\\\\\\\\\\\\\\\\\\\\\\\\\\\\\\\\\\\\\\\\\\\\&quot;\\\\\\\\\\\\\\\\\\\\\\\\\\\\\\\\\\\\\\\\\\\\\\\\\\\\\\\\\\\\\\&quot; margin-right:=\\\\\\\\\\\\\\\\\\\\\\\\\\\\\\\\\\\\\\\\\\\\\\\\\\\\\\\\\\\\\\&quot;\\\\\\\\\\\\\\\\\\\\\\\\\\\\\\\\\\\\\\\\\\\\\\\\\\\\\\\\\\\\\\&quot; 0px;=\\\\\\\\\\\\\\\\\\\\\\\\\\\\\\\\\\\\\\\\\\\\\\\\\\\\\\\\\\\\\\&quot;\\\\\\\\\\\\\\\\\\\\\\\\\\\\\\\\\\\\\\\\\\\\\\\\\\\\\\\\\\\\\\&quot; margin-bottom:=\\\\\\\\\\\\\\\\\\\\\\\\\\\\\\\\\\\\\\\\\\\\\\\\\\\\\\\\\\\\\\&quot;\\\\\\\\\\\\\\\\\\\\\\\\\\\\\\\\\\\\\\\\\\\\\\\\\\\\\\\\\\\\\\&quot; margin-left:=\\\\\\\\\\\\\\\\\\\\\\\\\\\\\\\\\\\\\\\\\\\\\\\\\\\\\\\\\\\\\\&quot;\\\\\\\\\\\\\\\\\\\\\\\\\\\\\\\\\\\\\\\\\\\\\\\\\\\\\\\\\\\\\\&quot; font-family:=\\\\\\\\\\\\\\\\\\\\\\\\\\\\\\\\\\\\\\\\\\\\\\\\\\\\\\\\\\\\\\&quot;\\\\\\\\\\\\\\\\\\\\\\\\\\\\\\\\\\\\\\\\\\\\\\\\\\\\\\\\\\\\\\&quot; raleway,=\\\\\\\\\\\\\\\\\\\\\\\\\\\\\\\\\\\\\\\\\\\\\\\\\\\\\\\\\\\\\\&quot;\\\\\\\\\\\\\\\\\\\\\\\\\\\\\\\\\\\\\\\\\\\\\\\\\\\\\\\\\\\\\\&quot; helvetica,=\\\\\\\\\\\\\\\\\\\\\\\\\\\\\\\\\\\\\\\\\\\\\\\\\\\\\\\\\\\\\\&quot;\\\\\\\\\\\\\\\\\\\\\\\\\\\\\\\\\\\\\\\\\\\\\\\\\\\\\\\\\\\\\\&quot; arial,=\\\\\\\\\\\\\\\\\\\\\\\\\\\\\\\\\\\\\\\\\\\\\\\\\\\\\\\\\\\\\\&quot;\\\\\\\\\\\\\\\\\\\\\\\\\\\\\\\\\\\\\\\\\\\\\\\\\\\\\\\\\\\\\\&quot; sans-serif;=\\\\\\\\\\\\\\\\\\\\\\\\\\\\\\\\\\\\\\\\\\\\\\\\\\\\\\\\\\\\\\&quot;\\\\\\\\\\\\\\\\\\\\\\\\\\\\\\\\\\\\\\\\\\\\\\\\\\\\\\\\\\\\\\&quot; color:=\\\\\\\\\\\\\\\\\\\\\\\\\\\\\\\\\\\\\\\\\\\\\\\\\\\\\\\\\\\\\\&quot;\\\\\\\\\\\\\\\\\\\\\\\\\\\\\\\\\\\\\\\\\\\\\\\\\\\\\\\\\\\\\\&quot; rgb(64,=\\\\\\\\\\\\\\\\\\\\\\\\\\\\\\\\\\\\\\\\\\\\\\\\\\\\\\\\\\\\\\&quot;\\\\\\\\\\\\\\\\\\\\\\\\\\\\\\\\\\\\\\\\\\\\\\\\\\\\\\\\\\\\\\&quot; 64,=\\\\\\\\\\\\\\\\\\\\\\\\\\\\\\\\\\\\\\\\\\\\\\\\\\\\\\\\\\\\\\&quot;\\\\\\\\\\\\\\\\\\\\\\\\\\\\\\\\\\\\\\\\\\\\\\\\\\\\\\\\\\\\\\&quot; 64);=\\\\\\\\\\\\\\\\\\\\\\\\\\\\\\\\\\\\\\\\\\\\\\\\\\\\\\\\\\\\\\&quot;\\\\\\\\\\\\\\\\\\\\\\\\\\\\\\\\\\\\\\\\\\\\\\\\\\\\\\\\\\\\\\&quot; background-color:=\\\\\\\\\\\\\\\\\\\\\\\\\\\\\\\\\\\\\\\\\\\\\\\\\\\\\\\\\\\\\\&quot;\\\\\\\\\\\\\\\\\\\\\\\\\\\\\\\\\\\\\\\\\\\\\\\\\\\\\\\\\\\\\\&quot; rgb(252,=\\\\\\\\\\\\\\\\\\\\\\\\\\\\\\\\\\\\\\\\\\\\\\\\\\\\\\\\\\\\\\&quot;\\\\\\\\\\\\\\\\\\\\\\\\\\\\\\\\\\\\\\\\\\\\\\\\\\\\\\\\\\\\\\&quot; 252,=\\\\\\\\\\\\\\\\\\\\\\\\\\\\\\\\\\\\\\\\\\\\\\\\\\\\\\\\\\\\\\&quot;\\\\\\\\\\\\\\\\\\\\\\\\\\\\\\\\\\\\\\\\\\\\\\\\\\\\\\\\\\\\\\&quot; 252);\\\\\\\\\\\\\\\\\\\\\\\\\\\\\\\\\\\\\\\\\\\\\\\\\\\\\\\\\\\\\\\\\\\\\\\\\\\\\\\\\\\\\\\\\\\\\\\\\\\\\\\\\\\\\\\\\\\\\\\\\\\\\\&quot;=\\\\\\\\\\\\\\\\\\\\\\\\\\\\\\\\\\\\\\\\\\\\\\\\\\\\\\\\\\\\\\&quot;\\\\\\\\\\\\\\\\\\\\\\\\\\\\\\\\\\\\\\\\\\\\\\\\\\\\\\\\\\\\\\&quot;&gt;Where possible, CodeIgniter has been kept as flexible as possible, allowing you to work in the way you want, not being forced into working any certain way. The framework can have core parts easily extended or completely replaced to make the system work the way you need it to. In short, CodeIgniter is the malleable framework that tries to provide the tools you need while staying out of the way.&lt;/p&gt;&lt;h2 style=\\\\\\\\\\\\\\\\\\\\\\\\\\\\\\\\\\\\\\\\\\\\\\\\\\\\\\\\\\\\\\&quot;\\\\\\\\\\\\\\\\\\\\\\\\\\\\\\\\\\\\\\\\\\\\\\\\\\\\\\\\\\\\\\\\&amp;quot;margin-top:\\\\\\\\\\\\\\\\\\\\\\\\\\\\\\\\\\\\\\\\\\\\\\\\\\\\\\\\\\\\\\&quot; 3rem;=\\\\\\\\\\\\\\\\\\\\\\\\\\\\\\\\\\\\\\\\\\\\\\\\\\\\\\\\\\\\\\&quot;\\\\\\\\\\\\\\\\\\\\\\\\\\\\\\\\\\\\\\\\\\\\\\\\\\\\\\\\\\\\\\&quot; font-weight:=\\\\\\\\\\\\\\\\\\\\\\\\\\\\\\\\\\\\\\\\\\\\\\\\\\\\\\\\\\\\\\&quot;\\\\\\\\\\\\\\\\\\\\\\\\\\\\\\\\\\\\\\\\\\\\\\\\\\\\\\\\\\\\\\&quot; 700;=\\\\\\\\\\\\\\\\\\\\\\\\\\\\\\\\\\\\\\\\\\\\\\\\\\\\\\\\\\\\\\&quot;\\\\\\\\\\\\\\\\\\\\\\\\\\\\\\\\\\\\\\\\\\\\\\\\\\\\\\\\\\\\\\&quot; font-family:=\\\\\\\\\\\\\\\\\\\\\\\\\\\\\\\\\\\\\\\\\\\\\\\\\\\\\\\\\\\\\\&quot;\\\\\\\\\\\\\\\\\\\\\\\\\\\\\\\\\\\\\\\\\\\\\\\\\\\\\\\\\\\\\\&quot; raleway,=\\\\\\\\\\\\\\\\\\\\\\\\\\\\\\\\\\\\\\\\\\\\\\\\\\\\\\\\\\\\\\&quot;\\\\\\\\\\\\\\\\\\\\\\\\\\\\\\\\\\\\\\\\\\\\\\\\\\\\\\\\\\\\\\&quot; helvetica,=\\\\\\\\\\\\\\\\\\\\\\\\\\\\\\\\\\\\\\\\\\\\\\\\\\\\\\\\\\\\\\&quot;\\\\\\\\\\\\\\\\\\\\\\\\\\\\\\\\\\\\\\\\\\\\\\\\\\\\\\\\\\\\\\&quot; arial,=\\\\\\\\\\\\\\\\\\\\\\\\\\\\\\\\\\\\\\\\\\\\\\\\\\\\\\\\\\\\\\&quot;\\\\\\\\\\\\\\\\\\\\\\\\\\\\\\\\\\\\\\\\\\\\\\\\\\\\\\\\\\\\\\&quot; sans-serif;=\\\\\\\\\\\\\\\\\\\\\\\\\\\\\\\\\\\\\\\\\\\\\\\\\\\\\\\\\\\\\\&quot;\\\\\\\\\\\\\\\\\\\\\\\\\\\\\\\\\\\\\\\\\\\\\\\\\\\\\\\\\\\\\\&quot; font-size:=\\\\\\\\\\\\\\\\\\\\\\\\\\\\\\\\\\\\\\\\\\\\\\\\\\\\\\\\\\\\\\&quot;\\\\\\\\\\\\\\\\\\\\\\\\\\\\\\\\\\\\\\\\\\\\\\\\\\\\\\\\\\\\\\&quot; 24px;=\\\\\\\\\\\\\\\\\\\\\\\\\\\\\\\\\\\\\\\\\\\\\\\\\\\\\\\\\\\\\\&quot;\\\\\\\\\\\\\\\\\\\\\\\\\\\\\\\\\\\\\\\\\\\\\\\\\\\\\\\\\\\\\\&quot; margin-bottom:=\\\\\\\\\\\\\\\\\\\\\\\\\\\\\\\\\\\\\\\\\\\\\\\\\\\\\\\\\\\\\\&quot;\\\\\\\\\\\\\\\\\\\\\\\\\\\\\\\\\\\\\\\\\\\\\\\\\\\\\\\\\\\\\\&quot; color:=\\\\\\\\\\\\\\\\\\\\\\\\\\\\\\\\\\\\\\\\\\\\\\\\\\\\\\\\\\\\\\&quot;\\\\\\\\\\\\\\\\\\\\\\\\\\\\\\\\\\\\\\\\\\\\\\\\\\\\\\\\\\\\\\&quot; rgb(64,=\\\\\\\\\\\\\\\\\\\\\\\\\\\\\\\\\\\\\\\\\\\\\\\\\\\\\\\\\\\\\\&quot;\\\\\\\\\\\\\\\\\\\\\\\\\\\\\\\\\\\\\\\\\\\\\\\\\\\\\\\\\\\\\\&quot; 64,=\\\\\\\\\\\\\\\\\\\\\\\\\\\\\\\\\\\\\\\\\\\\\\\\\\\\\\\\\\\\\\&quot;\\\\\\\\\\\\\\\\\\\\\\\\\\\\\\\\\\\\\\\\\\\\\\\\\\\\\\\\\\\\\\&quot; 64);=\\\\\\\\\\\\\\\\\\\\\\\\\\\\\\\\\\\\\\\\\\\\\\\\\\\\\\\\\\\\\\&quot;\\\\\\\\\\\\\\\\\\\\\\\\\\\\\\\\\\\\\\\\\\\\\\\\\\\\\\\\\\\\\\&quot; background-color:=\\\\\\\\\\\\\\\\\\\\\\\\\\\\\\\\\\\\\\\\\\\\\\\\\\\\\\\\\\\\\\&quot;\\\\\\\\\\\\\\\\\\\\\\\\\\\\\\\\\\\\\\\\\\\\\\\\\\\\\\\\\\\\\\&quot; rgb(252,=\\\\\\\\\\\\\\\\\\\\\\\\\\\\\\\\\\\\\\\\\\\\\\\\\\\\\\\\\\\\\\&quot;\\\\\\\\\\\\\\\\\\\\\\\\\\\\\\\\\\\\\\\\\\\\\\\\\\\\\\\\\\\\\\&quot; 252,=\\\\\\\\\\\\\\\\\\\\\\\\\\\\\\\\\\\\\\\\\\\\\\\\\\\\\\\\\\\\\\&quot;\\\\\\\\\\\\\\\\\\\\\\\\\\\\\\\\\\\\\\\\\\\\\\\\\\\\\\\\\\\\\\&quot; 252);\\\\\\\\\\\\\\\\\\\\\\\\\\\\\\\\\\\\\\\\\\\\\\\\\\\\\\\\\\\\\\\\\\\\\\\\\\\\\\\\\\\\\\\\\\\\\\\\\\\\\\\\\\\\\\\\\\\\\\\\\\\\\\&quot;=\\\\\\\\\\\\\\\\\\\\\\\\\\\\\\\\\\\\\\\\\\\\\\\\\\\\\\\\\\\\\\&quot;\\\\\\\\\\\\\\\\\\\\\\\\\\\\\\\\\\\\\\\\\\\\\\\\\\\\\\\\\\\\\\&quot;&gt;Is CodeIgniter Right for You?&lt;/h2&gt;&lt;p style=\\\\\\\\\\\\\\\\\\\\\\\\\\\\\\\\\\\\\\\\\\\\\\\\\\\\\\\\\\\\\\&quot;\\\\\\\\\\\\\\\\\\\\\\\\\\\\\\\\\\\\\\\\\\\\\\\\\\\\\\\\\\\\\\\\&amp;quot;line-height:\\\\\\\\\\\\\\\\\\\\\\\\\\\\\\\\\\\\\\\\\\\\\\\\\\\\\\\\\\\\\\&quot; 24px;=\\\\\\\\\\\\\\\\\\\\\\\\\\\\\\\\\\\\\\\\\\\\\\\\\\\\\\\\\\\\\\&quot;\\\\\\\\\\\\\\\\\\\\\\\\\\\\\\\\\\\\\\\\\\\\\\\\\\\\\\\\\\\\\\&quot; margin-right:=\\\\\\\\\\\\\\\\\\\\\\\\\\\\\\\\\\\\\\\\\\\\\\\\\\\\\\\\\\\\\\&quot;\\\\\\\\\\\\\\\\\\\\\\\\\\\\\\\\\\\\\\\\\\\\\\\\\\\\\\\\\\\\\\&quot; 0px;=\\\\\\\\\\\\\\\\\\\\\\\\\\\\\\\\\\\\\\\\\\\\\\\\\\\\\\\\\\\\\\&quot;\\\\\\\\\\\\\\\\\\\\\\\\\\\\\\\\\\\\\\\\\\\\\\\\\\\\\\\\\\\\\\&quot; margin-bottom:=\\\\\\\\\\\\\\\\\\\\\\\\\\\\\\\\\\\\\\\\\\\\\\\\\\\\\\\\\\\\\\&quot;\\\\\\\\\\\\\\\\\\\\\\\\\\\\\\\\\\\\\\\\\\\\\\\\\\\\\\\\\\\\\\&quot; margin-left:=\\\\\\\\\\\\\\\\\\\\\\\\\\\\\\\\\\\\\\\\\\\\\\\\\\\\\\\\\\\\\\&quot;\\\\\\\\\\\\\\\\\\\\\\\\\\\\\\\\\\\\\\\\\\\\\\\\\\\\\\\\\\\\\\&quot; font-family:=\\\\\\\\\\\\\\\\\\\\\\\\\\\\\\\\\\\\\\\\\\\\\\\\\\\\\\\\\\\\\\&quot;\\\\\\\\\\\\\\\\\\\\\\\\\\\\\\\\\\\\\\\\\\\\\\\\\\\\\\\\\\\\\\&quot; raleway,=\\\\\\\\\\\\\\\\\\\\\\\\\\\\\\\\\\\\\\\\\\\\\\\\\\\\\\\\\\\\\\&quot;\\\\\\\\\\\\\\\\\\\\\\\\\\\\\\\\\\\\\\\\\\\\\\\\\\\\\\\\\\\\\\&quot; helvetica,=\\\\\\\\\\\\\\\\\\\\\\\\\\\\\\\\\\\\\\\\\\\\\\\\\\\\\\\\\\\\\\&quot;\\\\\\\\\\\\\\\\\\\\\\\\\\\\\\\\\\\\\\\\\\\\\\\\\\\\\\\\\\\\\\&quot; arial,=\\\\\\\\\\\\\\\\\\\\\\\\\\\\\\\\\\\\\\\\\\\\\\\\\\\\\\\\\\\\\\&quot;\\\\\\\\\\\\\\\\\\\\\\\\\\\\\\\\\\\\\\\\\\\\\\\\\\\\\\\\\\\\\\&quot; sans-serif;=\\\\\\\\\\\\\\\\\\\\\\\\\\\\\\\\\\\\\\\\\\\\\\\\\\\\\\\\\\\\\\&quot;\\\\\\\\\\\\\\\\\\\\\\\\\\\\\\\\\\\\\\\\\\\\\\\\\\\\\\\\\\\\\\&quot; color:=\\\\\\\\\\\\\\\\\\\\\\\\\\\\\\\\\\\\\\\\\\\\\\\\\\\\\\\\\\\\\\&quot;\\\\\\\\\\\\\\\\\\\\\\\\\\\\\\\\\\\\\\\\\\\\\\\\\\\\\\\\\\\\\\&quot; rgb(64,=\\\\\\\\\\\\\\\\\\\\\\\\\\\\\\\\\\\\\\\\\\\\\\\\\\\\\\\\\\\\\\&quot;\\\\\\\\\\\\\\\\\\\\\\\\\\\\\\\\\\\\\\\\\\\\\\\\\\\\\\\\\\\\\\&quot; 64,=\\\\\\\\\\\\\\\\\\\\\\\\\\\\\\\\\\\\\\\\\\\\\\\\\\\\\\\\\\\\\\&quot;\\\\\\\\\\\\\\\\\\\\\\\\\\\\\\\\\\\\\\\\\\\\\\\\\\\\\\\\\\\\\\&quot; 64);=\\\\\\\\\\\\\\\\\\\\\\\\\\\\\\\\\\\\\\\\\\\\\\\\\\\\\\\\\\\\\\&quot;\\\\\\\\\\\\\\\\\\\\\\\\\\\\\\\\\\\\\\\\\\\\\\\\\\\\\\\\\\\\\\&quot; background-color:=\\\\\\\\\\\\\\\\\\\\\\\\\\\\\\\\\\\\\\\\\\\\\\\\\\\\\\\\\\\\\\&quot;\\\\\\\\\\\\\\\\\\\\\\\\\\\\\\\\\\\\\\\\\\\\\\\\\\\\\\\\\\\\\\&quot; rgb(252,=\\\\\\\\\\\\\\\\\\\\\\\\\\\\\\\\\\\\\\\\\\\\\\\\\\\\\\\\\\\\\\&quot;\\\\\\\\\\\\\\\\\\\\\\\\\\\\\\\\\\\\\\\\\\\\\\\\\\\\\\\\\\\\\\&quot; 252,=\\\\\\\\\\\\\\\\\\\\\\\\\\\\\\\\\\\\\\\\\\\\\\\\\\\\\\\\\\\\\\&quot;\\\\\\\\\\\\\\\\\\\\\\\\\\\\\\\\\\\\\\\\\\\\\\\\\\\\\\\\\\\\\\&quot; 252);\\\\\\\\\\\\\\\\\\\\\\\\\\\\\\\\\\\\\\\\\\\\\\\\\\\\\\\\\\\\\\\\\\\\\\\\\\\\\\\\\\\\\\\\\\\\\\\\\\\\\\\\\\\\\\\\\\\\\\\\\\\\\\&quot;=\\\\\\\\\\\\\\\\\\\\\\\\\\\\\\\\\\\\\\\\\\\\\\\\\\\\\\\\\\\\\\&quot;\\\\\\\\\\\\\\\\\\\\\\\\\\\\\\\\\\\\\\\\\\\\\\\\\\\\\\\\\\\\\\&quot;&gt;CodeIgniter is right for you if:&lt;/p&gt;&lt;ul class=\\\\\\\\\\\\\\\\\\\\\\\\\\\\\\\\\\\\\\\\\\\\\\\\\\\\\\\\\\\\\\&quot;\\\\\\\\\\\\\\\\\\\\\\\\\\\\\\\\\\\\\\\\\\\\\\\\\\\\\\\\\\\\\\\\&amp;quot;simple\\\\\\\\\\\\\\\\\\\\\\\\\\\\\\\\\\\\\\\\\\\\\\\\\\\\\\\\\\\\\\\\&amp;quot;\\\\\\\\\\\\\\\\\\\\\\\\\\\\\\\\\\\\\\\\\\\\\\\\\\\\\\\\\\\\\\&quot; style=\\\\\\\\\\\\\\\\\\\\\\\\\\\\\\\\\\\\\\\\\\\\\\\\\\\\\\\\\\\\\\&quot;\\\\\\\\\\\\\\\\\\\\\\\\\\\\\\\\\\\\\\\\\\\\\\\\\\\\\\\\\\\\\\\\&amp;quot;margin-right:\\\\\\\\\\\\\\\\\\\\\\\\\\\\\\\\\\\\\\\\\\\\\\\\\\\\\\\\\\\\\\&quot; 0px;=\\\\\\\\\\\\\\\\\\\\\\\\\\\\\\\\\\\\\\\\\\\\\\\\\\\\\\\\\\\\\\&quot;\\\\\\\\\\\\\\\\\\\\\\\\\\\\\\\\\\\\\\\\\\\\\\\\\\\\\\\\\\\\\\&quot; margin-bottom:=\\\\\\\\\\\\\\\\\\\\\\\\\\\\\\\\\\\\\\\\\\\\\\\\\\\\\\\\\\\\\\&quot;\\\\\\\\\\\\\\\\\\\\\\\\\\\\\\\\\\\\\\\\\\\\\\\\\\\\\\\\\\\\\\&quot; 24px;=\\\\\\\\\\\\\\\\\\\\\\\\\\\\\\\\\\\\\\\\\\\\\\\\\\\\\\\\\\\\\\&quot;\\\\\\\\\\\\\\\\\\\\\\\\\\\\\\\\\\\\\\\\\\\\\\\\\\\\\\\\\\\\\\&quot; margin-left:=\\\\\\\\\\\\\\\\\\\\\\\\\\\\\\\\\\\\\\\\\\\\\\\\\\\\\\\\\\\\\\&quot;\\\\\\\\\\\\\\\\\\\\\\\\\\\\\\\\\\\\\\\\\\\\\\\\\\\\\\\\\\\\\\&quot; padding:=\\\\\\\\\\\\\\\\\\\\\\\\\\\\\\\\\\\\\\\\\\\\\\\\\\\\\\\\\\\\\\&quot;\\\\\\\\\\\\\\\\\\\\\\\\\\\\\\\\\\\\\\\\\\\\\\\\\\\\\\\\\\\\\\&quot; list-style-position:=\\\\\\\\\\\\\\\\\\\\\\\\\\\\\\\\\\\\\\\\\\\\\\\\\\\\\\\\\\\\\\&quot;\\\\\\\\\\\\\\\\\\\\\\\\\\\\\\\\\\\\\\\\\\\\\\\\\\\\\\\\\\\\\\&quot; initial;=\\\\\\\\\\\\\\\\\\\\\\\\\\\\\\\\\\\\\\\\\\\\\\\\\\\\\\\\\\\\\\&quot;\\\\\\\\\\\\\\\\\\\\\\\\\\\\\\\\\\\\\\\\\\\\\\\\\\\\\\\\\\\\\\&quot; list-style-image:=\\\\\\\\\\\\\\\\\\\\\\\\\\\\\\\\\\\\\\\\\\\\\\\\\\\\\\\\\\\\\\&quot;\\\\\\\\\\\\\\\\\\\\\\\\\\\\\\\\\\\\\\\\\\\\\\\\\\\\\\\\\\\\\\&quot; line-height:=\\\\\\\\\\\\\\\\\\\\\\\\\\\\\\\\\\\\\\\\\\\\\\\\\\\\\\\\\\\\\\&quot;\\\\\\\\\\\\\\\\\\\\\\\\\\\\\\\\\\\\\\\\\\\\\\\\\\\\\\\\\\\\\\&quot; color:=\\\\\\\\\\\\\\\\\\\\\\\\\\\\\\\\\\\\\\\\\\\\\\\\\\\\\\\\\\\\\\&quot;\\\\\\\\\\\\\\\\\\\\\\\\\\\\\\\\\\\\\\\\\\\\\\\\\\\\\\\\\\\\\\&quot; rgb(64,=\\\\\\\\\\\\\\\\\\\\\\\\\\\\\\\\\\\\\\\\\\\\\\\\\\\\\\\\\\\\\\&quot;\\\\\\\\\\\\\\\\\\\\\\\\\\\\\\\\\\\\\\\\\\\\\\\\\\\\\\\\\\\\\\&quot; 64,=\\\\\\\\\\\\\\\\\\\\\\\\\\\\\\\\\\\\\\\\\\\\\\\\\\\\\\\\\\\\\\&quot;\\\\\\\\\\\\\\\\\\\\\\\\\\\\\\\\\\\\\\\\\\\\\\\\\\\\\\\\\\\\\\&quot; 64);=\\\\\\\\\\\\\\\\\\\\\\\\\\\\\\\\\\\\\\\\\\\\\\\\\\\\\\\\\\\\\\&quot;\\\\\\\\\\\\\\\\\\\\\\\\\\\\\\\\\\\\\\\\\\\\\\\\\\\\\\\\\\\\\\&quot; font-family:=\\\\\\\\\\\\\\\\\\\\\\\\\\\\\\\\\\\\\\\\\\\\\\\\\\\\\\\\\\\\\\&quot;\\\\\\\\\\\\\\\\\\\\\\\\\\\\\\\\\\\\\\\\\\\\\\\\\\\\\\\\\\\\\\&quot; raleway,=\\\\\\\\\\\\\\\\\\\\\\\\\\\\\\\\\\\\\\\\\\\\\\\\\\\\\\\\\\\\\\&quot;\\\\\\\\\\\\\\\\\\\\\\\\\\\\\\\\\\\\\\\\\\\\\\\\\\\\\\\\\\\\\\&quot; helvetica,=\\\\\\\\\\\\\\\\\\\\\\\\\\\\\\\\\\\\\\\\\\\\\\\\\\\\\\\\\\\\\\&quot;\\\\\\\\\\\\\\\\\\\\\\\\\\\\\\\\\\\\\\\\\\\\\\\\\\\\\\\\\\\\\\&quot; arial,=\\\\\\\\\\\\\\\\\\\\\\\\\\\\\\\\\\\\\\\\\\\\\\\\\\\\\\\\\\\\\\&quot;\\\\\\\\\\\\\\\\\\\\\\\\\\\\\\\\\\\\\\\\\\\\\\\\\\\\\\\\\\\\\\&quot; sans-serif;=\\\\\\\\\\\\\\\\\\\\\\\\\\\\\\\\\\\\\\\\\\\\\\\\\\\\\\\\\\\\\\&quot;\\\\\\\\\\\\\\\\\\\\\\\\\\\\\\\\\\\\\\\\\\\\\\\\\\\\\\\\\\\\\\&quot; background-color:=\\\\\\\\\\\\\\\\\\\\\\\\\\\\\\\\\\\\\\\\\\\\\\\\\\\\\\\\\\\\\\&quot;\\\\\\\\\\\\\\\\\\\\\\\\\\\\\\\\\\\\\\\\\\\\\\\\\\\\\\\\\\\\\\&quot; rgb(252,=\\\\\\\\\\\\\\\\\\\\\\\\\\\\\\\\\\\\\\\\\\\\\\\\\\\\\\\\\\\\\\&quot;\\\\\\\\\\\\\\\\\\\\\\\\\\\\\\\\\\\\\\\\\\\\\\\\\\\\\\\\\\\\\\&quot; 252,=\\\\\\\\\\\\\\\\\\\\\\\\\\\\\\\\\\\\\\\\\\\\\\\\\\\\\\\\\\\\\\&quot;\\\\\\\\\\\\\\\\\\\\\\\\\\\\\\\\\\\\\\\\\\\\\\\\\\\\\\\\\\\\\\&quot; 252);\\\\\\\\\\\\\\\\\\\\\\\\\\\\\\\\\\\\\\\\\\\\\\\\\\\\\\\\\\\\\\\\\\\\\\\\\\\\\\\\\\\\\\\\\\\\\\\\\\\\\\\\\\\\\\\\\\\\\\\\\\\\\\&quot;=\\\\\\\\\\\\\\\\\\\\\\\\\\\\\\\\\\\\\\\\\\\\\\\\\\\\\\\\\\\\\\&quot;\\\\\\\\\\\\\\\\\\\\\\\\\\\\\\\\\\\\\\\\\\\\\\\\\\\\\\\\\\\\\\&quot;&gt;&lt;li style=\\\\\\\\\\\\\\\\\\\\\\\\\\\\\\\\\\\\\\\\\\\\\\\\\\\\\\\\\\\\\\&quot;\\\\\\\\\\\\\\\\\\\\\\\\\\\\\\\\\\\\\\\\\\\\\\\\\\\\\\\\\\\\\\\\&amp;quot;list-style:\\\\\\\\\\\\\\\\\\\\\\\\\\\\\\\\\\\\\\\\\\\\\\\\\\\\\\\\\\\\\\&quot; disc;=\\\\\\\\\\\\\\\\\\\\\\\\\\\\\\\\\\\\\\\\\\\\\\\\\\\\\\\\\\\\\\&quot;\\\\\\\\\\\\\\\\\\\\\\\\\\\\\\\\\\\\\\\\\\\\\\\\\\\\\\\\\\\\\\&quot; margin-left:=\\\\\\\\\\\\\\\\\\\\\\\\\\\\\\\\\\\\\\\\\\\\\\\\\\\\\\\\\\\\\\&quot;\\\\\\\\\\\\\\\\\\\\\\\\\\\\\\\\\\\\\\\\\\\\\\\\\\\\\\\\\\\\\\&quot; 24px;\\\\\\\\\\\\\\\\\\\\\\\\\\\\\\\\\\\\\\\\\\\\\\\\\\\\\\\\\\\\\\\\\\\\\\\\\\\\\\\\\\\\\\\\\\\\\\\\\\\\\\\\\\\\\\\\\\\\\\\\\\\\\\&quot;=\\\\\\\\\\\\\\\\\\\\\\\\\\\\\\\\\\\\\\\\\\\\\\\\\\\\\\\\\\\\\\&quot;\\\\\\\\\\\\\\\\\\\\\\\\\\\\\\\\\\\\\\\\\\\\\\\\\\\\\\\\\\\\\\&quot;&gt;You want a framework with a small footprint.&lt;/li&gt;&lt;li style=\\\\\\\\\\\\\\\\\\\\\\\\\\\\\\\\\\\\\\\\\\\\\\\\\\\\\\\\\\\\\\&quot;\\\\\\\\\\\\\\\\\\\\\\\\\\\\\\\\\\\\\\\\\\\\\\\\\\\\\\\\\\\\\\\\&amp;quot;list-style:\\\\\\\\\\\\\\\\\\\\\\\\\\\\\\\\\\\\\\\\\\\\\\\\\\\\\\\\\\\\\\&quot; disc;=\\\\\\\\\\\\\\\\\\\\\\\\\\\\\\\\\\\\\\\\\\\\\\\\\\\\\\\\\\\\\\&quot;\\\\\\\\\\\\\\\\\\\\\\\\\\\\\\\\\\\\\\\\\\\\\\\\\\\\\\\\\\\\\\&quot; margin-left:=\\\\\\\\\\\\\\\\\\\\\\\\\\\\\\\\\\\\\\\\\\\\\\\\\\\\\\\\\\\\\\&quot;\\\\\\\\\\\\\\\\\\\\\\\\\\\\\\\\\\\\\\\\\\\\\\\\\\\\\\\\\\\\\\&quot; 24px;\\\\\\\\\\\\\\\\\\\\\\\\\\\\\\\\\\\\\\\\\\\\\\\\\\\\\\\\\\\\\\\\\\\\\\\\\\\\\\\\\\\\\\\\\\\\\\\\\\\\\\\\\\\\\\\\\\\\\\\\\\\\\\&quot;=\\\\\\\\\\\\\\\\\\\\\\\\\\\\\\\\\\\\\\\\\\\\\\\\\\\\\\\\\\\\\\&quot;\\\\\\\\\\\\\\\\\\\\\\\\\\\\\\\\\\\\\\\\\\\\\\\\\\\\\\\\\\\\\\&quot;&gt;You need exceptional performance.&lt;/li&gt;&lt;li style=\\\\\\\\\\\\\\\\\\\\\\\\\\\\\\\\\\\\\\\\\\\\\\\\\\\\\\\\\\\\\\&quot;\\\\\\\\\\\\\\\\\\\\\\\\\\\\\\\\\\\\\\\\\\\\\\\\\\\\\\\\\\\\\\\\&amp;quot;list-style:\\\\\\\\\\\\\\\\\\\\\\\\\\\\\\\\\\\\\\\\\\\\\\\\\\\\\\\\\\\\\\&quot; disc;=\\\\\\\\\\\\\\\\\\\\\\\\\\\\\\\\\\\\\\\\\\\\\\\\\\\\\\\\\\\\\\&quot;\\\\\\\\\\\\\\\\\\\\\\\\\\\\\\\\\\\\\\\\\\\\\\\\\\\\\\\\\\\\\\&quot; margin-left:=\\\\\\\\\\\\\\\\\\\\\\\\\\\\\\\\\\\\\\\\\\\\\\\\\\\\\\\\\\\\\\&quot;\\\\\\\\\\\\\\\\\\\\\\\\\\\\\\\\\\\\\\\\\\\\\\\\\\\\\\\\\\\\\\&quot; 24px;\\\\\\\\\\\\\\\\\\\\\\\\\\\\\\\\\\\\\\\\\\\\\\\\\\\\\\\\\\\\\\\\\\\\\\\\\\\\\\\\\\\\\\\\\\\\\\\\\\\\\\\\\\\\\\\\\\\\\\\\\\\\\\&quot;=\\\\\\\\\\\\\\\\\\\\\\\\\\\\\\\\\\\\\\\\\\\\\\\\\\\\\\\\\\\\\\&quot;\\\\\\\\\\\\\\\\\\\\\\\\\\\\\\\\\\\\\\\\\\\\\\\\\\\\\\\\\\\\\\&quot;&gt;You want a framework that requires nearly zero configuration.&lt;/li&gt;&lt;li style=\\\\\\\\\\\\\\\\\\\\\\\\\\\\\\\\\\\\\\\\\\\\\\\\\\\\\\\\\\\\\\&quot;\\\\\\\\\\\\\\\\\\\\\\\\\\\\\\\\\\\\\\\\\\\\\\\\\\\\\\\\\\\\\\\\&amp;quot;list-style:\\\\\\\\\\\\\\\\\\\\\\\\\\\\\\\\\\\\\\\\\\\\\\\\\\\\\\\\\\\\\\&quot; disc;=\\\\\\\\\\\\\\\\\\\\\\\\\\\\\\\\\\\\\\\\\\\\\\\\\\\\\\\\\\\\\\&quot;\\\\\\\\\\\\\\\\\\\\\\\\\\\\\\\\\\\\\\\\\\\\\\\\\\\\\\\\\\\\\\&quot; margin-left:=\\\\\\\\\\\\\\\\\\\\\\\\\\\\\\\\\\\\\\\\\\\\\\\\\\\\\\\\\\\\\\&quot;\\\\\\\\\\\\\\\\\\\\\\\\\\\\\\\\\\\\\\\\\\\\\\\\\\\\\\\\\\\\\\&quot; 24px;\\\\\\\\\\\\\\\\\\\\\\\\\\\\\\\\\\\\\\\\\\\\\\\\\\\\\\\\\\\\\\\\\\\\\\\\\\\\\\\\\\\\\\\\\\\\\\\\\\\\\\\\\\\\\\\\\\\\\\\\\\\\\\&quot;=\\\\\\\\\\\\\\\\\\\\\\\\\\\\\\\\\\\\\\\\\\\\\\\\\\\\\\\\\\\\\\&quot;\\\\\\\\\\\\\\\\\\\\\\\\\\\\\\\\\\\\\\\\\\\\\\\\\\\\\\\\\\\\\\&quot;&gt;You want a framework that does not require you to use the command line.&lt;/li&gt;&lt;li style=\\\\\\\\\\\\\\\\\\\\\\\\\\\\\\\\\\\\\\\\\\\\\\\\\\\\\\\\\\\\\\&quot;\\\\\\\\\\\\\\\\\\\\\\\\\\\\\\\\\\\\\\\\\\\\\\\\\\\\\\\\\\\\\\\\&amp;quot;list-style:\\\\\\\\\\\\\\\\\\\\\\\\\\\\\\\\\\\\\\\\\\\\\\\\\\\\\\\\\\\\\\&quot; disc;=\\\\\\\\\\\\\\\\\\\\\\\\\\\\\\\\\\\\\\\\\\\\\\\\\\\\\\\\\\\\\\&quot;\\\\\\\\\\\\\\\\\\\\\\\\\\\\\\\\\\\\\\\\\\\\\\\\\\\\\\\\\\\\\\&quot; margin-left:=\\\\\\\\\\\\\\\\\\\\\\\\\\\\\\\\\\\\\\\\\\\\\\\\\\\\\\\\\\\\\\&quot;\\\\\\\\\\\\\\\\\\\\\\\\\\\\\\\\\\\\\\\\\\\\\\\\\\\\\\\\\\\\\\&quot; 24px;\\\\\\\\\\\\\\\\\\\\\\\\\\\\\\\\\\\\\\\\\\\\\\\\\\\\\\\\\\\\\\\\\\\\\\\\\\\\\\\\\\\\\\\\\\\\\\\\\\\\\\\\\\\\\\\\\\\\\\\\\\\\\\&quot;=\\\\\\\\\\\\\\\\\\\\\\\\\\\\\\\\\\\\\\\\\\\\\\\\\\\\\\\\\\\\\\&quot;\\\\\\\\\\\\\\\\\\\\\\\\\\\\\\\\\\\\\\\\\\\\\\\\\\\\\\\\\\\\\\&quot;&gt;You want a framework that does not require you to adhere to restrictive coding rules.&lt;/li&gt;&lt;li style=\\\\\\\\\\\\\\\\\\\\\\\\\\\\\\\\\\\\\\\\\\\\\\\\\\\\\\\\\\\\\\&quot;\\\\\\\\\\\\\\\\\\\\\\\\\\\\\\\\\\\\\\\\\\\\\\\\\\\\\\\\\\\\\\\\&amp;quot;list-style:\\\\\\\\\\\\\\\\\\\\\\\\\\\\\\\\\\\\\\\\\\\\\\\\\\\\\\\\\\\\\\&quot; disc;=\\\\\\\\\\\\\\\\\\\\\\\\\\\\\\\\\\\\\\\\\\\\\\\\\\\\\\\\\\\\\\&quot;\\\\\\\\\\\\\\\\\\\\\\\\\\\\\\\\\\\\\\\\\\\\\\\\\\\\\\\\\\\\\\&quot; margin-left:=\\\\\\\\\\\\\\\\\\\\\\\\\\\\\\\\\\\\\\\\\\\\\\\\\\\\\\\\\\\\\\&quot;\\\\\\\\\\\\\\\\\\\\\\\\\\\\\\\\\\\\\\\\\\\\\\\\\\\\\\\\\\\\\\&quot; 24px;\\\\\\\\\\\\\\\\\\\\\\\\\\\\\\\\\\\\\\\\\\\\\\\\\\\\\\\\\\\\\\\\\\\\\\\\\\\\\\\\\\\\\\\\\\\\\\\\\\\\\\\\\\\\\\\\\\\\\\\\\\\\\\&quot;=\\\\\\\\\\\\\\\\\\\\\\\\\\\\\\\\\\\\\\\\\\\\\\\\\\\\\\\\\\\\\\&quot;\\\\\\\\\\\\\\\\\\\\\\\\\\\\\\\\\\\\\\\\\\\\\\\\\\\\\\\\\\\\\\&quot;&gt;You are not interested in large-scale monolithic libraries like PEAR.&lt;/li&gt;&lt;li style=\\\\\\\\\\\\\\\\\\\\\\\\\\\\\\\\\\\\\\\\\\\\\\\\\\\\\\\\\\\\\\&quot;\\\\\\\\\\\\\\\\\\\\\\\\\\\\\\\\\\\\\\\\\\\\\\\\\\\\\\\\\\\\\\\\&amp;quot;list-style:\\\\\\\\\\\\\\\\\\\\\\\\\\\\\\\\\\\\\\\\\\\\\\\\\\\\\\\\\\\\\\&quot; disc;=\\\\\\\\\\\\\\\\\\\\\\\\\\\\\\\\\\\\\\\\\\\\\\\\\\\\\\\\\\\\\\&quot;\\\\\\\\\\\\\\\\\\\\\\\\\\\\\\\\\\\\\\\\\\\\\\\\\\\\\\\\\\\\\\&quot; margin-left:=\\\\\\\\\\\\\\\\\\\\\\\\\\\\\\\\\\\\\\\\\\\\\\\\\\\\\\\\\\\\\\&quot;\\\\\\\\\\\\\\\\\\\\\\\\\\\\\\\\\\\\\\\\\\\\\\\\\\\\\\\\\\\\\\&quot; 24px;\\\\\\\\\\\\\\\\\\\\\\\\\\\\\\\\\\\\\\\\\\\\\\\\\\\\\\\\\\\\\\\\\\\\\\\\\\\\\\\\\\\\\\\\\\\\\\\\\\\\\\\\\\\\\\\\\\\\\\\\\\\\\\&quot;=\\\\\\\\\\\\\\\\\\\\\\\\\\\\\\\\\\\\\\\\\\\\\\\\\\\\\\\\\\\\\\&quot;\\\\\\\\\\\\\\\\\\\\\\\\\\\\\\\\\\\\\\\\\\\\\\\\\\\\\\\\\\\\\\&quot;&gt;You do not want to be forced to learn a templating language (although a template parser is optionally available if you desire one).&lt;/li&gt;&lt;li style=\\\\\\\\\\\\\\\\\\\\\\\\\\\\\\\\\\\\\\\\\\\\\\\\\\\\\\\\\\\\\\&quot;\\\\\\\\\\\\\\\\\\\\\\\\\\\\\\\\\\\\\\\\\\\\\\\\\\\\\\\\\\\\\\\\&amp;quot;list-style:\\\\\\\\\\\\\\\\\\\\\\\\\\\\\\\\\\\\\\\\\\\\\\\\\\\\\\\\\\\\\\&quot; disc;=\\\\\\\\\\\\\\\\\\\\\\\\\\\\\\\\\\\\\\\\\\\\\\\\\\\\\\\\\\\\\\&quot;\\\\\\\\\\\\\\\\\\\\\\\\\\\\\\\\\\\\\\\\\\\\\\\\\\\\\\\\\\\\\\&quot; margin-left:=\\\\\\\\\\\\\\\\\\\\\\\\\\\\\\\\\\\\\\\\\\\\\\\\\\\\\\\\\\\\\\&quot;\\\\\\\\\\\\\\\\\\\\\\\\\\\\\\\\\\\\\\\\\\\\\\\\\\\\\\\\\\\\\\&quot; 24px;\\\\\\\\\\\\\\\\\\\\\\\\\\\\\\\\\\\\\\\\\\\\\\\\\\\\\\\\\\\\\\\\\\\\\\\\\\\\\\\\\\\\\\\\\\\\\\\\\\\\\\\\\\\\\\\\\\\\\\\\\\\\\\&quot;=\\\\\\\\\\\\\\\\\\\\\\\\\\\\\\\\\\\\\\\\\\\\\\\\\\\\\\\\\\\\\\&quot;\\\\\\\\\\\\\\\\\\\\\\\\\\\\\\\\\\\\\\\\\\\\\\\\\\\\\\\\\\\\\\&quot;&gt;You eschew complexity, favoring simple solutions.&lt;/li&gt;&lt;li style=\\\\\\\\\\\\\\\\\\\\\\\\\\\\\\\\\\\\\\\\\\\\\\\\\\\\\\\\\\\\\\&quot;\\\\\\\\\\\\\\\\\\\\\\\\\\\\\\\\\\\\\\\\\\\\\\\\\\\\\\\\\\\\\\\\&amp;quot;list-style:\\\\\\\\\\\\\\\\\\\\\\\\\\\\\\\\\\\\\\\\\\\\\\\\\\\\\\\\\\\\\\&quot; disc;=\\\\\\\\\\\\\\\\\\\\\\\\\\\\\\\\\\\\\\\\\\\\\\\\\\\\\\\\\\\\\\&quot;\\\\\\\\\\\\\\\\\\\\\\\\\\\\\\\\\\\\\\\\\\\\\\\\\\\\\\\\\\\\\\&quot; margin-left:=\\\\\\\\\\\\\\\\\\\\\\\\\\\\\\\\\\\\\\\\\\\\\\\\\\\\\\\\\\\\\\&quot;\\\\\\\\\\\\\\\\\\\\\\\\\\\\\\\\\\\\\\\\\\\\\\\\\\\\\\\\\\\\\\&quot; 24px;\\\\\\\\\\\\\\\\\\\\\\\\\\\\\\\\\\\\\\\\\\\\\\\\\\\\\\\\\\\\\\\\\\\\\\\\\\\\\\\\\\\\\\\\\\\\\\\\\\\\\\\\\\\\\\\\\\\\\\\\\\\\\\&quot;=\\\\\\\\\\\\\\\\\\\\\\\\\\\\\\\\\\\\\\\\\\\\\\\\\\\\\\\\\\\\\\&quot;\\\\\\\\\\\\\\\\\\\\\\\\\\\\\\\\\\\\\\\\\\\\\\\\\\\\\\\\\\\\\\&quot;&gt;You need clear, thorough documentation.&lt;/li&gt;&lt;/ul&gt;', 'http://localhost/ci4_blog/public/uploads/2_1_2.jpg', 'CodeIgniter, PHP, CodeIgniter 4, Framework, PHP Framework', 1, '2022-06-27 11:13:59', '2022-06-27 13:00:25'),
(23, 2, 2, 'Lorem Ipsum', 'Lorem ipsum dolor sit amet, consectetur adipiscing elit. Curabitur nec ornare nulla. Pellentesque nisl ligula, dapibus lacinia malesuada sollicitudin, pretium sed dolor. Sed in massa facilisis, fermentum urna a, eleifend est. Fusce congue velit id sapien gravida, at consequat dui lobortis.', '&lt;p style=\\&quot;margin-right: 0px; margin-bottom: 15px; margin-left: 0px; padding: 0px;\\&quot;&gt;Lorem ipsum dolor sit amet, consectetur adipiscing elit. Curabitur nec ornare nulla. Pellentesque nisl ligula, dapibus lacinia malesuada sollicitudin, pretium sed dolor. Sed in massa facilisis, fermentum urna a, eleifend est. Fusce congue velit id sapien gravida, at consequat dui lobortis. Duis euismod urna turpis, vel sodales felis tristique ut. Nam sit amet nisi velit. Sed est dui, ornare nec ullamcorper et, aliquam faucibus est. Pellentesque consequat volutpat tortor, ac ultricies velit sollicitudin in. Cras vel orci augue. Vestibulum aliquam quis nibh ac gravida.&lt;/p&gt;&lt;p style=\\&quot;margin-right: 0px; margin-bottom: 15px; margin-left: 0px; padding: 0px;\\&quot;&gt;In libero nibh, porttitor eget porttitor et, aliquam ut ex. Phasellus efficitur imperdiet elit porttitor rhoncus. Nam tincidunt rhoncus efficitur. In et dui sed purus dignissim interdum. Morbi vulputate erat eu mauris ultrices mollis. Ut convallis ex facilisis orci molestie volutpat. Integer lobortis sodales libero, id mattis sapien accumsan id. Pellentesque dui neque, aliquet vitae mi vitae, mollis hendrerit eros. In nec dolor mauris.&lt;/p&gt;&lt;p style=\\&quot;margin-right: 0px; margin-bottom: 15px; margin-left: 0px; padding: 0px;\\&quot;&gt;Sed in ligula aliquam, consequat dolor scelerisque, egestas elit. Suspendisse potenti. Sed aliquam at felis sed molestie. Curabitur maximus dictum magna, ut placerat velit lobortis in. Mauris luctus lectus id laoreet imperdiet. Phasellus ornare in augue vel ullamcorper. Quisque quis vestibulum felis, a tristique nisi. Suspendisse dapibus libero non eleifend ultrices. Cras accumsan rutrum ligula ut elementum. Nulla mi dui, sagittis sit amet vehicula eu, mattis nec nibh. Pellentesque enim justo, pretium eget tempor eget, vulputate lobortis nisl. Integer massa odio, venenatis ac lectus id, suscipit tincidunt mauris. Donec rhoncus congue nisi eu vulputate. Aliquam sed dui sit amet lacus venenatis vulputate. Etiam mollis fermentum porttitor. Nulla semper, augue a ullamcorper dictum, odio lectus iaculis neque, in iaculis turpis neque vel neque.&lt;/p&gt;&lt;p style=\\&quot;margin-right: 0px; margin-bottom: 15px; margin-left: 0px; padding: 0px;\\&quot;&gt;Vestibulum dictum risus dolor, sed tincidunt tellus rhoncus quis. Morbi quis urna ac justo suscipit mattis in id ex. Donec facilisis tincidunt dui, ac bibendum enim volutpat nec. Nam suscipit est nec leo dapibus, fermentum placerat dui tempus. Nunc eleifend sapien sit amet varius tempor. Duis elementum, mauris et tincidunt commodo, odio nibh suscipit massa, dapibus luctus risus lorem id purus. Pellentesque dignissim risus eget neque volutpat, at fringilla augue euismod. Suspendisse potenti. Nunc scelerisque nulla id purus fermentum fringilla. Maecenas purus nisl, lobortis eget imperdiet non, viverra eget sapien. Curabitur sed suscipit neque, nec congue justo. Sed pretium pulvinar dui, ut ornare nisi luctus vitae.&lt;/p&gt;', 'http://localhost/ci4_blog/public/uploads/henri-l-547224-unsplash.jpg', 'Tag 1, Tag 2, Tag 3, Tag 4, Tag 5, Tag 6', 1, '2022-06-27 13:42:30', '2022-06-27 13:42:30');

-- --------------------------------------------------------

--
-- Table structure for table `users`
--

CREATE TABLE `users` (
  `id` int(30) UNSIGNED NOT NULL,
  `name` varchar(250) NOT NULL,
  `email` text NOT NULL,
  `password` text NOT NULL,
  `type` tinyint(2) NOT NULL DEFAULT 3,
  `created_at` datetime DEFAULT current_timestamp(),
  `updated_at` datetime DEFAULT current_timestamp() ON UPDATE current_timestamp()
) ENGINE=InnoDB DEFAULT CHARSET=utf8;

--
-- Dumping data for table `users`
--

INSERT INTO `users` (`id`, `name`, `email`, `password`, `type`, `created_at`, `updated_at`) VALUES
(1, 'Administrator', 'admin@mail.com', '$2y$10$bRdBxzJdxivTIxvbk4YYOOSgNvvSRzDf/IjAJSasXHjuh47n1xafS', 1, '2022-06-27 09:25:11', '2022-06-27 09:25:11'),
(2, 'Mark Cooper', 'mcooper@mail.com', '$2y$10$.vNmCUZoQIMPGqN/kbckoegJ7fTOPr9Zy2UnOJG1fcFJWIPc8gwk.', 2, '2022-06-27 13:35:22', '2022-06-27 13:47:33');

--
-- Indexes for dumped tables
--

--
-- Indexes for table `categories`
--
ALTER TABLE `categories`
  ADD PRIMARY KEY (`id`);

--
-- Indexes for table `migrations`
--
ALTER TABLE `migrations`
  ADD PRIMARY KEY (`id`);

--
-- Indexes for table `posts`
--
ALTER TABLE `posts`
  ADD PRIMARY KEY (`id`),
  ADD KEY `category_id` (`category_id`),
  ADD KEY `user_id` (`user_id`);

--
-- Indexes for table `users`
--
ALTER TABLE `users`
  ADD PRIMARY KEY (`id`);

--
-- AUTO_INCREMENT for dumped tables
--

--
-- AUTO_INCREMENT for table `categories`
--
ALTER TABLE `categories`
  MODIFY `id` int(30) UNSIGNED NOT NULL AUTO_INCREMENT, AUTO_INCREMENT=7;

--
-- AUTO_INCREMENT for table `migrations`
--
ALTER TABLE `migrations`
  MODIFY `id` bigint(20) UNSIGNED NOT NULL AUTO_INCREMENT, AUTO_INCREMENT=4;

--
-- AUTO_INCREMENT for table `posts`
--
ALTER TABLE `posts`
  MODIFY `id` int(30) UNSIGNED NOT NULL AUTO_INCREMENT, AUTO_INCREMENT=24;

--
-- AUTO_INCREMENT for table `users`
--
ALTER TABLE `users`
  MODIFY `id` int(30) UNSIGNED NOT NULL AUTO_INCREMENT, AUTO_INCREMENT=3;

--
-- Constraints for dumped tables
--

--
-- Constraints for table `posts`
--
ALTER TABLE `posts`
  ADD CONSTRAINT `posts_category_id_foreign` FOREIGN KEY (`category_id`) REFERENCES `categories` (`id`) ON DELETE NO ACTION ON UPDATE CASCADE,
  ADD CONSTRAINT `posts_user_id_foreign` FOREIGN KEY (`user_id`) REFERENCES `users` (`id`) ON DELETE NO ACTION ON UPDATE CASCADE;
COMMIT;
